,title_year,genres,total_voted_users,avg_voted_users,total_reviews,avg_reviews,movie_count
0,1965.0,Drama|Romance|War,55816,55816.0,255.0,255.0,1
1,1968.0,Western,216005,216005.0,565.0,565.0,1
2,1969.0,Comedy|Drama|Musical|Romance|Western,9352,9352.0,106.0,106.0,1
3,1978.0,Musical|Romance,170027,170027.0,350.0,350.0,1
4,1983.0,Crime|Drama,57363,57363.0,308.0,308.0,1
5,1984.0,Action|Adventure|Sci-Fi,97087,97087.0,569.0,569.0,1
6,1984.0,Action|Drama|War,41776,41776.0,383.0,383.0,1
7,1985.0,Action|Adventure|Fantasy,30215,30215.0,95.0,95.0,1
8,1985.0,Action|Adventure|Sci-Fi|Thriller,101840,101840.0,193.0,193.0,1
9,1985.0,Action|Comedy|Drama|Music,9424,9424.0,109.0,109.0,1
10,1985.0,Action|Crime|Drama|Western,28247,28247.0,149.0,149.0,1
11,1985.0,Adventure|Comedy|Drama|Fantasy,33597,33597.0,185.0,185.0,1
12,1985.0,Adventure|Fantasy|Mystery|Thriller,14870,14870.0,86.0,86.0,1
13,1985.0,Drama,60988,60988.0,199.0,199.0,1
14,1986.0,Action|Adventure|Comedy|Fantasy,92464,92464.0,331.0,331.0,1
15,1986.0,Action|Adventure|Comedy|Fantasy|Mystery,39798,39798.0,69.0,69.0,1
16,1986.0,Adventure|Comedy,74743,74743.0,93.0,93.0,1
17,1986.0,Adventure|Crime|Drama|Romance,4081,4081.0,28.0,28.0,1
18,1986.0,Comedy|Drama|Fantasy|Romance,27149,27149.0,96.0,96.0,1
19,1986.0,Comedy|Horror|Musical|Sci-Fi,49349,49349.0,165.0,165.0,1
20,1987.0,Action|Adventure|Comedy|Music|Thriller,8692,8692.0,126.0,126.0,1
21,1987.0,Adventure|Horror|Thriller,30840,30840.0,383.0,383.0,1
22,1987.0,Biography|Drama|History,70274,70274.0,133.0,133.0,1
23,1987.0,Biography|Drama|Music,21409,21409.0,63.0,63.0,1
24,1988.0,Comedy|Drama|Fantasy,61396,61396.0,159.0,159.0,1
25,1988.0,Comedy|Romance|Sci-Fi,21079,21079.0,55.0,55.0,1
26,1988.0,Horror|Thriller,13190,13190.0,114.0,114.0,1
27,1989.0,Action|Adventure,269033,269033.0,817.0,817.0,1
28,1989.0,Action|Adventure|Fantasy,515306,515306.0,477.0,477.0,1
29,1989.0,Action|Adventure|Thriller,74009,74009.0,317.0,317.0,1
30,1989.0,Action|Biography|Drama|History|Romance|War,23441,23441.0,108.0,108.0,1
31,1989.0,Adventure|Drama|Sci-Fi|Thriller,131217,131217.0,380.0,380.0,1
32,1989.0,Comedy|Crime,17349,17349.0,42.0,42.0,1
33,1989.0,Comedy|Drama,21416,21416.0,198.0,198.0,1
34,1990.0,Action|Adventure|Drama|Romance|Western,15230,15230.0,97.0,97.0,1
35,1990.0,Action|Comedy|Crime,107801,107801.0,109.0,109.0,1
36,1990.0,Action|Drama|Sport,60476,60476.0,97.0,97.0,1
37,1990.0,Adventure|Drama|Western,186485,186485.0,382.0,382.0,1
38,1990.0,Comedy|Drama|Romance,7143,7143.0,52.0,52.0,1
39,1990.0,Comedy|Fantasy|Horror,68428,68428.0,148.0,148.0,1
40,1990.0,Comedy|Fantasy|Horror|Thriller,50389,50389.0,136.0,136.0,1
41,1990.0,Comedy|Horror|Sci-Fi,90070,90070.0,248.0,248.0,1
42,1990.0,Drama|Fantasy|Romance|Thriller,154199,154199.0,252.0,252.0,1
43,1990.0,Fantasy|Romance,357581,357581.0,588.0,588.0,1
44,1991.0,Action|Adventure|Drama|Romance,145257,145257.0,322.0,322.0,1
45,1991.0,Action|Adventure|Fantasy|Sci-Fi,2281,2281.0,16.0,16.0,1
46,1991.0,Action|Drama|Thriller|War,4795,4795.0,39.0,39.0,1
47,1991.0,Adventure|Drama|Romance,14129,14129.0,39.0,39.0,1
48,1991.0,Comedy|Crime,83269,83269.0,87.0,87.0,1
49,1991.0,Comedy|Drama|Family|Romance,55895,55895.0,115.0,115.0,1
50,1991.0,Comedy|Fantasy,96607,96607.0,125.0,125.0,1
51,1992.0,Action,215255,215255.0,610.0,610.0,1
52,1992.0,Adventure|Drama|Romance,17443,17443.0,56.0,56.0,1
53,1992.0,Biography|Drama|History|Romance,63923,63923.0,156.0,156.0,1
54,1992.0,Comedy|Fantasy|Horror,78974,78974.0,173.0,173.0,1
55,1992.0,Comedy|Music,114610,114610.0,176.0,176.0,1
56,1992.0,Comedy|Romance|Sci-Fi|Thriller,17365,17365.0,66.0,66.0,1
57,1992.0,Drama,10410,10410.0,71.0,71.0,1
58,1993.0,Action|Adventure|Comedy|Fantasy,106528,106528.0,257.0,257.0,1
59,1993.0,Action|Adventure|Crime|Drama|Mystery|Thriller,213668,213668.0,270.0,270.0,1
60,1993.0,Action|Comedy|Crime,37611,37611.0,72.0,72.0,1
61,1993.0,Action|Crime|Sci-Fi|Thriller,35018,35018.0,180.0,180.0,1
62,1993.0,Action|Drama,4195,4195.0,50.0,50.0,1
63,1993.0,Adventure|Sci-Fi|Thriller,613473,613473.0,895.0,895.0,1
64,1993.0,Comedy|Drama|Family|Romance,181380,181380.0,223.0,223.0,1
65,1993.0,Comedy|Drama|Romance,37269,37269.0,165.0,165.0,1
66,1993.0,Comedy|Horror,1435,1435.0,17.0,17.0,1
67,1993.0,Crime|Drama|Mystery|Thriller,59569,59569.0,89.0,89.0,1
68,1993.0,Drama,178731,178731.0,261.0,261.0,1
69,1993.0,Drama|Romance,171882,171882.0,292.0,292.0,1
70,1994.0,Action|Adventure|Comedy|Thriller,53115,53115.0,282.0,282.0,1
71,1994.0,Action|Adventure|Crime|Fantasy|Mystery|Thriller,18723,18723.0,146.0,146.0,1
72,1994.0,Action|Adventure|Crime|Thriller,32544,32544.0,69.0,69.0,1
73,1994.0,Action|Comedy|Crime|Fantasy,265818,265818.0,213.0,213.0,1
74,1994.0,Action|Crime|Drama|Thriller,69663,69663.0,133.0,133.0,1
75,1994.0,Action|Fantasy|Romance|Sci-Fi,16194,16194.0,79.0,79.0,1
76,1994.0,Adventure|Biography|Crime|Drama|Western,35314,35314.0,145.0,145.0,1
77,1994.0,Comedy,515413,171804.33333333334,732.0,244.0,3
78,1994.0,Comedy|Crime,76850,76850.0,85.0,85.0,1
79,1994.0,Comedy|Drama,1271063,423687.6666666667,1498.0,499.3333333333333,3
80,1994.0,Comedy|Drama|Romance,41310,41310.0,117.0,117.0,1
81,1994.0,Crime|Drama|Mystery|Thriller,45798,45798.0,94.0,94.0,1
82,1994.0,Documentary|Drama|Sport,18980,18980.0,74.0,74.0,1
83,1995.0,Action|Adventure|Comedy,21102,21102.0,169.0,169.0,1
84,1995.0,Action|Adventure|Fantasy,190786,190786.0,539.0,539.0,1
85,1995.0,Action|Adventure|Fantasy|Sci-Fi|Thriller,81783,81783.0,283.0,283.0,1
86,1995.0,Action|Adventure|Mystery|Sci-Fi,34471,34471.0,147.0,147.0,1
87,1995.0,Action|Adventure|Romance|Thriller,55350,55350.0,180.0,180.0,1
88,1995.0,Action|Adventure|Sci-Fi|Thriller,144337,144337.0,309.0,309.0,1
89,1995.0,Action|Adventure|Thriller,199025,199025.0,416.0,416.0,1
90,1995.0,Action|Crime|Drama|Mystery|Thriller,48909,48909.0,166.0,166.0,1
91,1995.0,Adventure|Comedy,160321,160321.0,178.0,178.0,1
92,1995.0,Biography|Drama|History|Romance,2427,2427.0,27.0,27.0,1
93,1995.0,Comedy|Crime|Drama|Thriller,54650,54650.0,223.0,223.0,1
94,1995.0,Comedy|Drama|Romance,52132,26066.0,290.0,145.0,2
95,1995.0,Comedy|Romance,123390,123390.0,248.0,248.0,1
96,1995.0,Drama|Romance,54631,54631.0,192.0,192.0,1
97,1996.0,Action|Adventure|Drama|Sci-Fi|Thriller,97838,97838.0,286.0,286.0,1
98,1996.0,Action|Adventure|Drama|Thriller,197185,98592.5,496.0,248.0,2
99,1996.0,Action|Adventure|Fantasy,78343,78343.0,139.0,139.0,1
100,1996.0,Action|Adventure|Sci-Fi,430055,430055.0,856.0,856.0,1
101,1996.0,Action|Adventure|Thriller,300542,300542.0,378.0,378.0,1
102,1996.0,Action|Comedy,29621,29621.0,76.0,76.0,1
103,1996.0,Action|Comedy|Sci-Fi,172217,172217.0,405.0,405.0,1
104,1996.0,Action|Drama|Sci-Fi|Thriller,40346,40346.0,95.0,95.0,1
105,1996.0,Adventure|Animation|Comedy|Crime,42892,42892.0,154.0,154.0,1
106,1996.0,Adventure|Comedy,12278,12278.0,71.0,71.0,1
107,1996.0,Adventure|Drama,17859,17859.0,89.0,89.0,1
108,1996.0,Biography|Drama|Music|Romance,43013,43013.0,104.0,104.0,1
109,1996.0,Comedy|Drama|Romance,17121,8560.5,121.0,60.5,2
110,1996.0,Comedy|Drama|Thriller,122347,122347.0,345.0,345.0,1
111,1996.0,Comedy|Romance,6124,6124.0,55.0,55.0,1
112,1996.0,Comedy|Romance|Sci-Fi,111313,55656.5,180.0,90.0,2
113,1996.0,Comedy|Sport,219602,109801.0,474.0,237.0,2
114,1996.0,Drama,50781,25390.5,295.0,147.5,2
115,1996.0,Drama|History,8531,8531.0,57.0,57.0,1
116,1996.0,Drama|Romance,179120,89560.0,560.0,280.0,2
117,1996.0,Horror|Sci-Fi|Thriller,26051,26051.0,164.0,164.0,1
118,1997.0,Action,189855,189855.0,1018.0,1018.0,1
119,1997.0,Action|Adventure|Fantasy|Sci-Fi|Thriller,36363,36363.0,256.0,256.0,1
120,1997.0,Action|Adventure|Horror|Thriller,73539,73539.0,271.0,271.0,1
121,1997.0,Action|Adventure|Romance|Sci-Fi|Thriller,52136,52136.0,184.0,184.0,1
122,1997.0,Action|Adventure|Sci-Fi,621636,310818.0,1294.0,647.0,2
123,1997.0,Action|Adventure|Thriller,211951,105975.5,605.0,302.5,2
124,1997.0,Action|Comedy|Crime,19774,19774.0,70.0,70.0,1
125,1997.0,Action|Crime|Romance|Thriller,60573,60573.0,248.0,248.0,1
126,1997.0,Action|Crime|Sci-Fi,8687,8687.0,62.0,62.0,1
127,1997.0,Action|Drama|Sci-Fi|Thriller,58227,58227.0,181.0,181.0,1
128,1997.0,Adventure|Animation|Fantasy,221552,221552.0,570.0,570.0,1
129,1997.0,Adventure|Biography|Drama|History|War,96385,96385.0,119.0,119.0,1
130,1997.0,Adventure|Comedy|Family|Mystery|Sci-Fi,403014,403014.0,289.0,289.0,1
131,1997.0,Biography|Drama|History|War,21606,21606.0,117.0,117.0,1
132,1997.0,Biography|Drama|Romance|Sport,5673,5673.0,37.0,37.0,1
133,1997.0,Comedy,32416,32416.0,138.0,138.0,1
134,1997.0,Comedy|Crime,183425,183425.0,425.0,425.0,1
135,1997.0,Comedy|Drama,7456,3728.0,159.0,79.5,2
136,1997.0,Comedy|Drama|Romance,224671,224671.0,470.0,470.0,1
137,1997.0,Comedy|Fantasy|Romance,220392,220392.0,243.0,243.0,1
138,1997.0,Comedy|Romance,98199,98199.0,169.0,169.0,1
139,1997.0,Crime|Drama|Thriller,62783,31391.5,214.0,107.0,2
140,1997.0,Drama,11622,11622.0,157.0,157.0,1
141,1997.0,Drama|Romance,793725,396862.5,2568.0,1284.0,2
142,1997.0,Drama|Sci-Fi|Thriller,220591,220591.0,641.0,641.0,1
143,1998.0,Action|Adventure,125219,125219.0,244.0,244.0,1
144,1998.0,Action|Adventure|Comedy|Drama|Music|Sci-Fi,5613,5613.0,102.0,102.0,1
145,1998.0,Action|Adventure|Comedy|Family|Sci-Fi,77415,77415.0,139.0,139.0,1
146,1998.0,Action|Adventure|Comedy|Romance,60910,60910.0,164.0,164.0,1
147,1998.0,Action|Adventure|Comedy|Romance|Thriller|Western,135404,135404.0,318.0,318.0,1
148,1998.0,Action|Adventure|Family|Sci-Fi|Thriller,58402,58402.0,370.0,370.0,1
149,1998.0,Action|Adventure|Sci-Fi|Thriller,322395,322395.0,1171.0,1171.0,1
150,1998.0,Action|Crime|Drama|History|Western,8309,8309.0,39.0,39.0,1
151,1998.0,Action|Drama|Romance|Sci-Fi|Thriller,135601,135601.0,493.0,493.0,1
152,1998.0,Biography|Comedy|Drama|Romance,80580,80580.0,375.0,375.0,1
153,1998.0,Biography|Drama|Sport,5841,5841.0,57.0,57.0,1
154,1998.0,Comedy,25176,12588.0,179.0,89.5,2
155,1998.0,Comedy|Drama,65205,21735.0,497.0,165.66666666666666,3
156,1998.0,Comedy|Drama|Fantasy|Romance,55749,55749.0,257.0,257.0,1
157,1998.0,Comedy|Drama|Romance,65117,32558.5,433.0,216.5,2
158,1998.0,Comedy|Family|Fantasy,74343,74343.0,98.0,98.0,1
159,1998.0,Comedy|Music|Romance,48458,48458.0,239.0,239.0,1
160,1998.0,Comedy|Romance,37885,37885.0,247.0,247.0,1
161,1998.0,Comedy|Sport,119450,119450.0,300.0,300.0,1
162,1998.0,Drama,23405,11702.5,187.0,93.5,2
163,1998.0,Drama|Fantasy|Romance,346990,115663.33333333333,1644.0,548.0,3
164,1998.0,Drama|Musical,2412,2412.0,40.0,40.0,1
165,1998.0,Drama|Mystery|Sci-Fi|Thriller,167331,83665.5,571.0,285.5,2
166,1998.0,Drama|Romance,18973,18973.0,162.0,162.0,1
167,1998.0,Drama|Romance|Western,32353,32353.0,263.0,263.0,1
168,1999.0,Action|Adventure|Comedy|Crime,181225,181225.0,784.0,784.0,1
169,1999.0,Action|Adventure|Fantasy|Sci-Fi|Thriller,4682,4682.0,206.0,206.0,1
170,1999.0,Action|Adventure|Sci-Fi,14747,14747.0,338.0,338.0,1
171,1999.0,Action|Adventure|Thriller,157519,157519.0,683.0,683.0,1
172,1999.0,Action|Comedy|Crime|Thriller,60572,60572.0,144.0,144.0,1
173,1999.0,Action|Comedy|Fantasy|Sci-Fi,53970,53970.0,435.0,435.0,1
174,1999.0,Action|Comedy|Sci-Fi|Western,129601,129601.0,648.0,648.0,1
175,1999.0,Action|Crime|Romance|Thriller,88132,88132.0,274.0,274.0,1
176,1999.0,Comedy,95543,19108.6,847.0,169.4,5
177,1999.0,Comedy|Crime|Drama,5917,5917.0,71.0,71.0,1
178,1999.0,Comedy|Crime|Romance,38665,19332.5,239.0,119.5,2
179,1999.0,Comedy|Drama,215175,53793.75,660.0,165.0,4
180,1999.0,Comedy|Drama|Fantasy|Romance,11439,11439.0,190.0,190.0,1
181,1999.0,Comedy|Drama|Romance,442567,110641.75,1338.0,334.5,4
182,1999.0,Comedy|Drama|Romance|Sci-Fi,48621,48621.0,239.0,239.0,1
183,1999.0,Comedy|Romance,111514,27878.5,802.0,200.5,4
184,1999.0,Comedy|Romance|Thriller,27265,27265.0,321.0,321.0,1
185,1999.0,Drama,10413,10413.0,111.0,111.0,1
186,1999.0,Drama|History|Romance,31080,31080.0,217.0,217.0,1
187,1999.0,Drama|Mystery|Romance|Thriller,12375,12375.0,194.0,194.0,1
188,1999.0,Drama|Mystery|Thriller,723459,361729.5,2260.0,1130.0,2
189,1999.0,Drama|Romance,40174,20087.0,329.0,164.5,2
190,1999.0,Drama|Romance|Sport,26034,26034.0,226.0,226.0,1
191,1999.0,Drama|Thriller,6690,6690.0,83.0,83.0,1
192,1999.0,Drama|War,12601,12601.0,89.0,89.0,1
193,1999.0,Fantasy|Horror|Mystery|Thriller,58184,58184.0,805.0,805.0,1
194,1999.0,Horror|Sci-Fi|Thriller,8294,8294.0,160.0,160.0,1
195,2000.0,Action|Adventure|Comedy|Crime|Thriller,145350,145350.0,643.0,643.0,1
196,2000.0,Action|Adventure|Comedy|Western,96690,96690.0,293.0,293.0,1
197,2000.0,Action|Adventure|Drama|Thriller,182612,91306.0,1158.0,579.0,2
198,2000.0,Action|Adventure|Sci-Fi,518392,259196.0,2709.0,1354.5,2
199,2000.0,Action|Adventure|Thriller,302353,151176.5,1752.0,876.0,2
200,2000.0,Action|Comedy|Crime,66941,66941.0,148.0,148.0,1
201,2000.0,Action|Comedy|Crime|Romance,137377,137377.0,370.0,370.0,1
202,2000.0,Action|Crime|Drama,448,448.0,16.0,16.0,1
203,2000.0,Action|Crime|Drama|Thriller,26846,26846.0,193.0,193.0,1
204,2000.0,Action|Crime|Thriller,218341,218341.0,498.0,498.0,1
205,2000.0,Action|Drama|Romance,217740,217740.0,1641.0,1641.0,1
206,2000.0,Action|Mystery|Sci-Fi|Thriller,100001,100001.0,289.0,289.0,1
207,2000.0,Action|Sci-Fi|Thriller,47612,47612.0,348.0,348.0,1
208,2000.0,Action|War,65297,65297.0,602.0,602.0,1
209,2000.0,Adventure|Comedy|Crime|Music,225102,225102.0,862.0,862.0,1
210,2000.0,Adventure|Drama|Romance,398057,199028.5,1112.0,556.0,2
211,2000.0,Biography|Drama,695,695.0,32.0,32.0,1
212,2000.0,Comedy,306301,153150.5,847.0,423.5,2
213,2000.0,Comedy|Crime,10879,5439.5,116.0,58.0,2
214,2000.0,Comedy|Crime|Mystery,11768,11768.0,148.0,148.0,1
215,2000.0,Comedy|Drama,45184,15061.333333333334,340.0,113.33333333333333,3
216,2000.0,Comedy|Drama|Fantasy|Romance,85844,85844.0,322.0,322.0,1
217,2000.0,Comedy|Drama|Music|Romance,90539,90539.0,379.0,379.0,1
218,2000.0,Comedy|Drama|Romance,120439,17205.571428571428,1158.0,165.42857142857142,7
219,2000.0,Comedy|Fantasy,80639,80639.0,237.0,237.0,1
220,2000.0,Comedy|Fantasy|Romance,240752,120376.0,649.0,324.5,2
221,2000.0,Comedy|Mystery,116625,116625.0,469.0,469.0,1
222,2000.0,Comedy|Romance,23076,23076.0,158.0,158.0,1
223,2000.0,Comedy|Romance|Sci-Fi,39391,39391.0,171.0,171.0,1
224,2000.0,Comedy|Sport,130172,43390.666666666664,747.0,249.0,3
225,2000.0,Crime|Drama|Mystery|Sci-Fi|Thriller,81866,81866.0,510.0,510.0,1
226,2000.0,Drama,168866,84433.0,957.0,478.5,2
227,2000.0,Drama|Fantasy|Horror|Mystery|Thriller,98403,98403.0,683.0,683.0,1
228,2000.0,Drama|Fantasy|Sport,45296,45296.0,267.0,267.0,1
229,2000.0,Drama|History|Thriller,45231,45231.0,315.0,315.0,1
230,2000.0,Drama|Music,2794,2794.0,78.0,78.0,1
231,2000.0,Drama|Music|Romance,15817,15817.0,210.0,210.0,1
232,2000.0,Drama|Mystery|Sci-Fi|Thriller,245152,245152.0,1344.0,1344.0,1
233,2000.0,Drama|Mystery|Thriller,3668,3668.0,85.0,85.0,1
234,2000.0,Drama|Romance,177912,59304.0,840.0,280.0,3
235,2000.0,Drama|Romance|Sport,14322,14322.0,116.0,116.0,1
236,2000.0,Drama|Romance|Western,11388,11388.0,183.0,183.0,1
237,2000.0,Horror|Sci-Fi|Thriller,14596,14596.0,282.0,282.0,1
238,2001.0,Action|Adventure|Animation|Fantasy|Romance|Sci-Fi,72259,72259.0,788.0,788.0,1
239,2001.0,Action|Adventure|Comedy|Musical,11399,11399.0,131.0,131.0,1
240,2001.0,Action|Adventure|Drama|Fantasy,1238746,1238746.0,5060.0,5060.0,1
241,2001.0,Action|Adventure|Drama|Thriller|Western,4757,4757.0,67.0,67.0,1
242,2001.0,Action|Adventure|Fantasy|Sci-Fi|Thriller,2253,2253.0,111.0,111.0,1
243,2001.0,Action|Adventure|Fantasy|Thriller,405061,202530.5,1714.0,857.0,2
244,2001.0,Action|Adventure|Romance,149859,74929.5,949.0,474.5,2
245,2001.0,Action|Adventure|Sci-Fi|Thriller,397226,198613.0,2604.0,1302.0,2
246,2001.0,Action|Comedy|Crime|Thriller,165871,82935.5,444.0,222.0,2
247,2001.0,Action|Comedy|Drama|War,2236,2236.0,40.0,40.0,1
248,2001.0,Action|Crime|Drama|Thriller,25558,25558.0,221.0,221.0,1
249,2001.0,Action|Crime|Thriller,272223,272223.0,988.0,988.0,1
250,2001.0,Action|Drama|History|Romance|War,254111,254111.0,1999.0,1999.0,1
251,2001.0,Action|Drama|Sport,34435,34435.0,346.0,346.0,1
252,2001.0,Action|Drama|Thriller|War,86902,86902.0,411.0,411.0,1
253,2001.0,Action|Sci-Fi|Thriller,77684,77684.0,294.0,294.0,1
254,2001.0,Action|Western,12077,12077.0,162.0,162.0,1
255,2001.0,Adventure|Comedy,93367,93367.0,497.0,497.0,1
256,2001.0,Adventure|Comedy|Drama,41664,41664.0,205.0,205.0,1
257,2001.0,Adventure|Comedy|Fantasy,30771,30771.0,164.0,164.0,1
258,2001.0,Adventure|Comedy|Romance|Sci-Fi,25541,25541.0,181.0,181.0,1
259,2001.0,Adventure|Drama|Sci-Fi,238747,238747.0,2153.0,2153.0,1
260,2001.0,Animation|Comedy|Fantasy,14280,14280.0,171.0,171.0,1
261,2001.0,Biography|Comedy|Drama,22447,22447.0,210.0,210.0,1
262,2001.0,Biography|Drama,610568,610568.0,1171.0,1171.0,1
263,2001.0,Comedy,201084,201084.0,523.0,523.0,1
264,2001.0,Comedy|Crime,23432,11716.0,184.0,92.0,2
265,2001.0,Comedy|Crime|Drama|Romance,57038,57038.0,261.0,261.0,1
266,2001.0,Comedy|Crime|Mystery|Romance,31798,31798.0,178.0,178.0,1
267,2001.0,Comedy|Crime|Romance,79395,26465.0,451.0,150.33333333333334,3
268,2001.0,Comedy|Drama|Fantasy|Romance,109445,109445.0,426.0,426.0,1
269,2001.0,Comedy|Drama|Romance|Sport,12993,12993.0,107.0,107.0,1
270,2001.0,Comedy|Fantasy,19079,19079.0,122.0,122.0,1
271,2001.0,Comedy|Fantasy|Romance,64595,64595.0,316.0,316.0,1
272,2001.0,Comedy|Fantasy|Sci-Fi,15130,15130.0,98.0,98.0,1
273,2001.0,Comedy|Music,18900,18900.0,242.0,242.0,1
274,2001.0,Comedy|Mystery|Romance,11693,11693.0,104.0,104.0,1
275,2001.0,Comedy|Romance,361440,60240.0,1841.0,306.8333333333333,6
276,2001.0,Comedy|Sci-Fi,47383,47383.0,132.0,132.0,1
277,2001.0,Comedy|Sport,14656,14656.0,90.0,90.0,1
278,2001.0,Crime|Drama|Mystery,983,983.0,63.0,63.0,1
279,2001.0,Crime|Drama|Mystery|Thriller,25462,25462.0,200.0,200.0,1
280,2001.0,Crime|Mystery|Thriller,21283,21283.0,190.0,190.0,1
281,2001.0,Crime|Thriller,402645,402645.0,845.0,845.0,1
282,2001.0,Documentary|Sport,10366,10366.0,88.0,88.0,1
283,2001.0,Drama,121937,121937.0,431.0,431.0,1
284,2001.0,Drama|Horror|Mystery|Thriller,7277,7277.0,181.0,181.0,1
285,2001.0,Drama|Musical|Romance,224013,224013.0,2319.0,2319.0,1
286,2001.0,Drama|Music|Romance,67288,33644.0,628.0,314.0,2
287,2001.0,Drama|Mystery,30339,30339.0,268.0,268.0,1
288,2001.0,Drama|Mystery|Sci-Fi,148490,148490.0,537.0,537.0,1
289,2001.0,Drama|Romance,91698,45849.0,443.0,221.5,2
290,2001.0,Drama|Sport,22649,22649.0,131.0,131.0,1
291,2001.0,Fantasy|Horror|Thriller,268581,268581.0,1109.0,1109.0,1
292,2002.0,Action|Adventure|Comedy|Family|Fantasy|Mystery|Sci-Fi,270207,270207.0,606.0,606.0,1
293,2002.0,Action|Adventure|Comedy|Thriller,81322,40661.0,330.0,165.0,2
294,2002.0,Action|Adventure|Drama|Fantasy,1100446,1100446.0,2417.0,2417.0,1
295,2002.0,Action|Adventure|Drama|Romance|Thriller,104991,104991.0,544.0,544.0,1
296,2002.0,Action|Adventure|Fantasy|Romance,544665,544665.0,2012.0,2012.0,1
297,2002.0,Action|Adventure|Fantasy|Sci-Fi|Thriller,107859,107859.0,569.0,569.0,1
298,2002.0,Action|Adventure|Fantasy|Thriller,102129,102129.0,432.0,432.0,1
299,2002.0,Action|Adventure|History,149414,149414.0,841.0,841.0,1
300,2002.0,Action|Adventure|Sci-Fi,103787,103787.0,615.0,615.0,1
301,2002.0,Action|Adventure|Sci-Fi|Thriller,58450,58450.0,842.0,842.0,1
302,2002.0,Action|Adventure|Thriller,317304,105768.0,2004.0,668.0,3
303,2002.0,Action|Comedy,67562,33781.0,697.0,348.5,2
304,2002.0,Action|Comedy|Crime,162909,162909.0,795.0,795.0,1
305,2002.0,Action|Comedy|Horror,43764,43764.0,291.0,291.0,1
306,2002.0,Action|Comedy|Sci-Fi,82261,41130.5,371.0,185.5,2
307,2002.0,Action|Crime|Thriller,249511,124755.5,592.0,296.0,2
308,2002.0,Action|Drama|Thriller,86504,86504.0,568.0,568.0,1
309,2002.0,Action|Mystery|Sci-Fi|Thriller,399651,399651.0,1331.0,1331.0,1
310,2002.0,Action|Mystery|Thriller,407601,407601.0,849.0,849.0,1
311,2002.0,Adventure|Drama|Romance|War,28130,28130.0,215.0,215.0,1
312,2002.0,Biography|Crime|Drama,525801,525801.0,667.0,667.0,1
313,2002.0,Biography|Drama,26493,26493.0,159.0,159.0,1
314,2002.0,Comedy,28805,28805.0,159.0,159.0,1
315,2002.0,Comedy|Crime,11211,11211.0,92.0,92.0,1
316,2002.0,Comedy|Crime|Musical,172080,172080.0,1017.0,1017.0,1
317,2002.0,Comedy|Crime|Thriller,17307,17307.0,186.0,186.0,1
318,2002.0,Comedy|Drama,62366,20788.666666666668,843.0,281.0,3
319,2002.0,Comedy|Drama|Music|Romance,34620,17310.0,245.0,122.5,2
320,2002.0,Comedy|Drama|Romance,212438,106219.0,633.0,316.5,2
321,2002.0,Comedy|Drama|Romance|Sport,95118,47559.0,478.0,239.0,2
322,2002.0,Comedy|Romance,335183,55863.833333333336,1347.0,224.5,6
323,2002.0,Crime|Drama|Mystery|Thriller,30077,30077.0,175.0,175.0,1
324,2002.0,Crime|Drama|Thriller,129566,64783.0,628.0,314.0,2
325,2002.0,Drama,55255,18418.333333333332,509.0,169.66666666666666,3
326,2002.0,Drama|Family,34232,34232.0,346.0,346.0,1
327,2002.0,Drama|Fantasy|Mystery|Romance|Thriller,31788,31788.0,243.0,243.0,1
328,2002.0,Drama|History|Thriller|War,49311,49311.0,278.0,278.0,1
329,2002.0,Drama|Horror|Mystery|Thriller,63677,63677.0,460.0,460.0,1
330,2002.0,Drama|Music|Mystery|Romance|Thriller,7909,7909.0,157.0,157.0,1
331,2002.0,Drama|Romance,154081,38520.25,1266.0,316.5,4
332,2002.0,Drama|Romance|Sport,26066,26066.0,216.0,216.0,1
333,2002.0,Drama|Sci-Fi|Thriller,271592,271592.0,2335.0,2335.0,1
334,2002.0,Drama|Thriller,16300,16300.0,217.0,217.0,1
335,2002.0,Horror,16747,16747.0,349.0,349.0,1
336,2002.0,Horror|Mystery|Thriller,10885,10885.0,271.0,271.0,1
337,2003.0,Action|Adventure|Comedy,81444,81444.0,192.0,192.0,1
338,2003.0,Action|Adventure|Comedy|Crime,100821,100821.0,554.0,554.0,1
339,2003.0,Action|Adventure|Comedy|Thriller,82731,82731.0,255.0,255.0,1
340,2003.0,Action|Adventure|Crime|Thriller,119807,119807.0,340.0,340.0,1
341,2003.0,Action|Adventure|Drama|Fantasy,1215718,1215718.0,3189.0,3189.0,1
342,2003.0,Action|Adventure|Drama|History|War,168207,168207.0,684.0,684.0,1
343,2003.0,Action|Adventure|Drama|War,17725,17725.0,157.0,157.0,1
344,2003.0,Action|Adventure|Fantasy,912221,456110.5,2429.0,1214.5,2
345,2003.0,Action|Adventure|Fantasy|Sci-Fi,141533,141533.0,786.0,786.0,1
346,2003.0,Action|Adventure|Fantasy|Sci-Fi|Thriller,405973,405973.0,1055.0,1055.0,1
347,2003.0,Action|Adventure|Sci-Fi,53057,53057.0,457.0,457.0,1
348,2003.0,Action|Adventure|Sci-Fi|Thriller,77029,77029.0,466.0,466.0,1
349,2003.0,Action|Comedy|Crime|Thriller,31293,31293.0,254.0,254.0,1
350,2003.0,Action|Comedy|Fantasy,72185,36092.5,312.0,156.0,2
351,2003.0,Action|Crime|Thriller,477535,238767.5,867.0,433.5,2
352,2003.0,Action|Mystery|Sci-Fi|Thriller,89816,89816.0,347.0,347.0,1
353,2003.0,Action|Sci-Fi,212106,212106.0,1445.0,1445.0,1
354,2003.0,Adventure,397,397.0,30.0,30.0,1
355,2003.0,Adventure|Comedy|Drama,2953,2953.0,38.0,38.0,1
356,2003.0,Adventure|Drama|Fantasy,350698,350698.0,816.0,816.0,1
357,2003.0,Animation|Comedy|Drama,42462,42462.0,312.0,312.0,1
358,2003.0,Biography|Drama|History,2164,2164.0,74.0,74.0,1
359,2003.0,Biography|Drama|Romance,60171,60171.0,296.0,296.0,1
360,2003.0,Comedy,336171,42021.375,1645.0,205.625,8
361,2003.0,Comedy|Crime,15939,15939.0,87.0,87.0,1
362,2003.0,Comedy|Crime|Romance,76560,76560.0,322.0,322.0,1
363,2003.0,Comedy|Drama,314939,157469.5,781.0,390.5,2
364,2003.0,Comedy|Drama|Music,3972,3972.0,95.0,95.0,1
365,2003.0,Comedy|Drama|Mystery|Romance|Thriller|War,4293,4293.0,53.0,53.0,1
366,2003.0,Comedy|Drama|Romance,138831,34707.75,863.0,215.75,4
367,2003.0,Comedy|Music,233088,116544.0,751.0,375.5,2
368,2003.0,Comedy|Romance,263901,52780.2,882.0,176.4,5
369,2003.0,Drama,69049,34524.5,341.0,170.5,2
370,2003.0,Drama|Fantasy,4894,4894.0,122.0,122.0,1
371,2003.0,Drama|History,28855,28855.0,190.0,190.0,1
372,2003.0,Drama|History|Sport,57661,57661.0,455.0,455.0,1
373,2003.0,Drama|History|War,13215,13215.0,497.0,497.0,1
374,2003.0,Drama|Horror|Sci-Fi|Thriller,15169,15169.0,213.0,213.0,1
375,2003.0,Drama|Music|Romance,36666,36666.0,144.0,144.0,1
376,2003.0,Horror|Mystery|Thriller,25870,25870.0,369.0,369.0,1
377,2004.0,Action|Adventure|Animation|Family|Sci-Fi|Thriller,13727,13727.0,79.0,79.0,1
378,2004.0,Action|Adventure|Drama|Romance,92295,92295.0,420.0,420.0,1
379,2004.0,Action|Adventure|Drama|Thriller,45815,45815.0,222.0,222.0,1
380,2004.0,Action|Adventure|Fantasy|Romance,411164,411164.0,1303.0,1303.0,1
381,2004.0,Action|Adventure|Horror|Thriller,22243,22243.0,144.0,144.0,1
382,2004.0,Action|Adventure|Sci-Fi|Thriller,517157,258578.5,1825.0,912.5,2
383,2004.0,Action|Adventure|Western,67856,67856.0,345.0,345.0,1
384,2004.0,Action|Comedy|Crime,23747,23747.0,207.0,207.0,1
385,2004.0,Action|Comedy|Crime|Drama,38298,38298.0,147.0,147.0,1
386,2004.0,Action|Comedy|Romance,12188,12188.0,135.0,135.0,1
387,2004.0,Action|Crime,53118,53118.0,221.0,221.0,1
388,2004.0,Action|Crime|Drama|Thriller,13210,13210.0,138.0,138.0,1
389,2004.0,Action|Crime|Fantasy|Romance|Thriller,87451,87451.0,660.0,660.0,1
390,2004.0,Action|Crime|Thriller,79141,79141.0,355.0,355.0,1
391,2004.0,Action|Drama|Thriller,48753,48753.0,323.0,323.0,1
392,2004.0,Action|Fantasy|Horror|Sci-Fi,244566,244566.0,597.0,597.0,1
393,2004.0,Action|Horror|Sci-Fi|Thriller,143628,143628.0,1283.0,1283.0,1
394,2004.0,Action|Mystery|Sci-Fi|Thriller,387632,387632.0,789.0,789.0,1
395,2004.0,Action|Mystery|Thriller,348232,348232.0,806.0,806.0,1
396,2004.0,Adventure|Comedy|Horror,3291,3291.0,63.0,63.0,1
397,2004.0,Adventure|Comedy|Mystery,37479,37479.0,152.0,152.0,1
398,2004.0,Biography|Drama,264318,264318.0,799.0,799.0,1
399,2004.0,Biography|Drama|Music,110394,110394.0,433.0,433.0,1
400,2004.0,Biography|Drama|Music|Musical,22470,11235.0,474.0,237.0,2
401,2004.0,Biography|Drama|Romance,64556,64556.0,140.0,140.0,1
402,2004.0,Biography|Drama|Romance|Sport,5917,5917.0,50.0,50.0,1
403,2004.0,Comedy,551732,91955.33333333333,1394.0,232.33333333333334,6
404,2004.0,Comedy|Crime,235469,78489.66666666667,652.0,217.33333333333334,3
405,2004.0,Comedy|Crime|Music,6838,6838.0,117.0,117.0,1
406,2004.0,Comedy|Crime|Thriller,45775,45775.0,112.0,112.0,1
407,2004.0,Comedy|Drama,361721,90430.25,1075.0,268.75,4
408,2004.0,Comedy|Drama|Musical|Romance,17436,17436.0,276.0,276.0,1
409,2004.0,Comedy|Drama|Romance,250437,41739.5,1347.0,224.5,6
410,2004.0,Comedy|Drama|Romance|Sport,12164,12164.0,63.0,63.0,1
411,2004.0,Comedy|Drama|Sport,4976,4976.0,52.0,52.0,1
412,2004.0,Comedy|Fantasy|Romance,122187,122187.0,339.0,339.0,1
413,2004.0,Comedy|Romance,670929,83866.125,1644.0,205.5,8
414,2004.0,Comedy|Romance|Sport,51842,51842.0,173.0,173.0,1
415,2004.0,Comedy|Sci-Fi|Thriller,49739,49739.0,407.0,407.0,1
416,2004.0,Comedy|Sport,185338,185338.0,392.0,392.0,1
417,2004.0,Crime|Thriller,284852,284852.0,627.0,627.0,1
418,2004.0,Documentary|History|Sport,3849,3849.0,37.0,37.0,1
419,2004.0,Drama,17373,17373.0,148.0,148.0,1
420,2004.0,Drama|Family|Music,758,758.0,27.0,27.0,1
421,2004.0,Drama|History|War,264533,264533.0,609.0,609.0,1
422,2004.0,Drama|History|War|Western,16832,16832.0,267.0,267.0,1
423,2004.0,Drama|Horror|Sci-Fi|Thriller,22449,22449.0,191.0,191.0,1
424,2004.0,Drama|Music,67822,33911.0,357.0,178.5,2
425,2004.0,Drama|Musical|Romance|Thriller,96654,96654.0,2047.0,2047.0,1
426,2004.0,Drama|Mystery|Romance|Thriller,238749,119374.5,2301.0,1150.5,2
427,2004.0,Drama|Romance,415336,207668.0,1293.0,646.5,2
428,2004.0,Drama|Sci-Fi|Thriller,72639,72639.0,371.0,371.0,1
429,2004.0,Drama|Sport,482064,482064.0,1106.0,1106.0,1
430,2004.0,Horror|Mystery|Thriller,115050,115050.0,911.0,911.0,1
431,2004.0,Mystery|Thriller,147504,147504.0,531.0,531.0,1
432,2005.0,Action|Adventure,980946,980946.0,2685.0,2685.0,1
433,2005.0,Action|Adventure|Comedy,66382,66382.0,612.0,612.0,1
434,2005.0,Action|Adventure|Comedy|Fantasy|Thriller,98472,98472.0,492.0,492.0,1
435,2005.0,Action|Adventure|Comedy|Thriller,77673,77673.0,463.0,463.0,1
436,2005.0,Action|Adventure|Crime|Thriller,114948,57474.0,421.0,210.5,2
437,2005.0,Action|Adventure|Drama|Romance,316018,316018.0,2618.0,2618.0,1
438,2005.0,Action|Adventure|Fantasy|Sci-Fi,520104,520104.0,3286.0,3286.0,1
439,2005.0,Action|Adventure|Horror|Sci-Fi|Thriller,16474,16474.0,301.0,301.0,1
440,2005.0,Action|Adventure|Romance|Sci-Fi|Thriller,263329,263329.0,899.0,899.0,1
441,2005.0,Action|Adventure|Sci-Fi|Thriller,288054,144027.0,1982.0,991.0,2
442,2005.0,Action|Comedy,19829,19829.0,94.0,94.0,1
443,2005.0,Action|Comedy|Crime,73185,36592.5,232.0,116.0,2
444,2005.0,Action|Comedy|Crime|Drama|Thriller,4875,4875.0,26.0,26.0,1
445,2005.0,Action|Comedy|Crime|Romance|Thriller,348861,348861.0,798.0,798.0,1
446,2005.0,Action|Crime|Fantasy|Thriller,71202,71202.0,380.0,380.0,1
447,2005.0,Action|Crime|Thriller,156267,156267.0,340.0,340.0,1
448,2005.0,Action|Drama|Fantasy,8215,8215.0,132.0,132.0,1
449,2005.0,Action|Drama|Romance|Sport,3926,3926.0,38.0,38.0,1
450,2005.0,Action|Sci-Fi,110614,110614.0,532.0,532.0,1
451,2005.0,Adventure|Drama,4360,4360.0,148.0,148.0,1
452,2005.0,Adventure|Family|Fantasy|Mystery,385670,385670.0,1896.0,1896.0,1
453,2005.0,Adventure|Horror|Thriller,28606,28606.0,262.0,262.0,1
454,2005.0,Adventure|Sci-Fi|Thriller,334345,334345.0,2741.0,2741.0,1
455,2005.0,Biography|Drama|History|Romance,70771,70771.0,671.0,671.0,1
456,2005.0,Biography|Drama|Music|Romance,188637,188637.0,815.0,815.0,1
457,2005.0,Biography|Drama|Sport,236339,78779.66666666667,974.0,324.6666666666667,3
458,2005.0,Comedy,13194,13194.0,59.0,59.0,1
459,2005.0,Comedy|Crime,114017,57008.5,278.0,139.0,2
460,2005.0,Comedy|Crime|Music,59435,59435.0,323.0,323.0,1
461,2005.0,Comedy|Crime|Sport,130070,130070.0,316.0,316.0,1
462,2005.0,Comedy|Drama,444,444.0,5.0,5.0,1
463,2005.0,Comedy|Drama|Music|Romance,5585,5585.0,75.0,75.0,1
464,2005.0,Comedy|Drama|Romance,181663,36332.6,1360.0,272.0,5
465,2005.0,Comedy|Drama|Romance|Sport,36223,36223.0,208.0,208.0,1
466,2005.0,Comedy|Fantasy|Romance,82819,82819.0,263.0,263.0,1
467,2005.0,Comedy|Horror,26126,26126.0,325.0,325.0,1
468,2005.0,Comedy|Musical,35140,35140.0,409.0,409.0,1
469,2005.0,Comedy|Music|Romance,2599,2599.0,45.0,45.0,1
470,2005.0,Comedy|Romance,386216,77243.2,1272.0,254.4,5
471,2005.0,Crime|Drama,25510,12755.0,139.0,69.5,2
472,2005.0,Crime|Mystery|Thriller,86152,86152.0,411.0,411.0,1
473,2005.0,Documentary|Music,2877,2877.0,46.0,46.0,1
474,2005.0,Drama,24033,24033.0,152.0,152.0,1
475,2005.0,Drama|History|Music|Romance|War,21394,21394.0,147.0,147.0,1
476,2005.0,Drama|History|Romance|War,5321,5321.0,78.0,78.0,1
477,2005.0,Drama|Horror|Mystery|Thriller,90744,30248.0,1012.0,337.3333333333333,3
478,2005.0,Drama|Horror|Thriller,141535,70767.5,933.0,466.5,2
479,2005.0,Drama|Musical|Romance,41685,41685.0,754.0,754.0,1
480,2005.0,Drama|Mystery|Thriller,126746,126746.0,600.0,600.0,1
481,2005.0,Drama|Romance,131846,65923.0,695.0,347.5,2
482,2005.0,Drama|Romance|Sport,50919,50919.0,114.0,114.0,1
483,2005.0,Drama|Sport,92702,92702.0,209.0,209.0,1
484,2005.0,Drama|Western,564,564.0,21.0,21.0,1
485,2005.0,Horror|Mystery,71153,71153.0,560.0,560.0,1
486,2005.0,Horror|Mystery|Thriller,109654,54827.0,1118.0,559.0,2
487,2005.0,Mystery|Thriller,94108,94108.0,673.0,673.0,1
488,2006.0,Action|Adventure,38503,38503.0,180.0,180.0,1
489,2006.0,Action|Adventure|Drama|History|Romance|War,35565,35565.0,247.0,247.0,1
490,2006.0,Action|Adventure|Drama|Thriller,82380,82380.0,629.0,629.0,1
491,2006.0,Action|Adventure|Fantasy,522040,522040.0,1832.0,1832.0,1
492,2006.0,Action|Adventure|Fantasy|Sci-Fi|Thriller,383427,383427.0,1912.0,1912.0,1
493,2006.0,Action|Adventure|Sci-Fi,240396,240396.0,2367.0,2367.0,1
494,2006.0,Action|Adventure|Thriller,727178,363589.0,3172.0,1586.0,2
495,2006.0,Action|Comedy|Crime|Western,28848,28848.0,76.0,76.0,1
496,2006.0,Action|Comedy|Sport,130776,130776.0,437.0,437.0,1
497,2006.0,Action|Crime|Drama|Thriller,112769,112769.0,305.0,305.0,1
498,2006.0,Action|Crime|Thriller,221644,110822.0,591.0,295.5,2
499,2006.0,Action|Drama|Thriller,27486,27486.0,284.0,284.0,1
500,2006.0,Action|Fantasy|Horror|Thriller,39541,39541.0,334.0,334.0,1
501,2006.0,Action|Horror|Sci-Fi|Thriller,70341,70341.0,830.0,830.0,1
502,2006.0,Action|Sport,8707,8707.0,36.0,36.0,1
503,2006.0,Adventure|Biography|Drama|War,84641,84641.0,205.0,205.0,1
504,2006.0,Adventure|Comedy|Drama,21215,21215.0,116.0,116.0,1
505,2006.0,Biography|Drama,423716,211858.0,1032.0,516.0,2
506,2006.0,Biography|Drama|History,9334,9334.0,59.0,59.0,1
507,2006.0,Biography|Drama|History|Romance,79892,79892.0,619.0,619.0,1
508,2006.0,Biography|Drama|Music,11132,11132.0,86.0,86.0,1
509,2006.0,Comedy,143043,28608.6,799.0,159.8,5
510,2006.0,Comedy|Crime,71439,35719.5,269.0,134.5,2
511,2006.0,Comedy|Crime|Drama|Music|Romance,8522,8522.0,92.0,92.0,1
512,2006.0,Comedy|Crime|Mystery,66840,66840.0,248.0,248.0,1
513,2006.0,Comedy|Drama,9611,9611.0,70.0,70.0,1
514,2006.0,Comedy|Drama|Family,806,806.0,18.0,18.0,1
515,2006.0,Comedy|Drama|Fantasy|Romance,433469,216734.5,1214.0,607.0,2
516,2006.0,Comedy|Drama|Music,19655,19655.0,280.0,280.0,1
517,2006.0,Comedy|Drama|Romance,495574,99114.8,1553.0,310.6,5
518,2006.0,Comedy|Drama|Romance|Thriller,28005,28005.0,236.0,236.0,1
519,2006.0,Comedy|Drama|Sport,22604,22604.0,124.0,124.0,1
520,2006.0,Comedy|Fantasy|Romance,44103,44103.0,149.0,149.0,1
521,2006.0,Comedy|Music,22639,22639.0,217.0,217.0,1
522,2006.0,Comedy|Romance,523548,74792.57142857143,2057.0,293.85714285714283,7
523,2006.0,Comedy|Romance|Sci-Fi,53884,53884.0,203.0,203.0,1
524,2006.0,Comedy|Romance|Sport,40651,40651.0,209.0,209.0,1
525,2006.0,Crime|Documentary,771,771.0,10.0,10.0,1
526,2006.0,Crime|Drama|Music|Romance,90938,90938.0,271.0,271.0,1
527,2006.0,Crime|Drama|Sport,33067,33067.0,134.0,134.0,1
528,2006.0,Crime|Thriller,50170,50170.0,306.0,306.0,1
529,2006.0,Documentary|Sport,1290,1290.0,13.0,13.0,1
530,2006.0,Drama,16530,16530.0,117.0,117.0,1
531,2006.0,Drama|Fantasy|Mystery|Thriller,78635,78635.0,1040.0,1040.0,1
532,2006.0,Drama|History|Thriller,67395,67395.0,564.0,564.0,1
533,2006.0,Drama|Horror|Mystery|Thriller,4057,4057.0,90.0,90.0,1
534,2006.0,Drama|Horror|Sci-Fi|Thriller,24969,24969.0,258.0,258.0,1
535,2006.0,Drama|Music,21767,21767.0,127.0,127.0,1
536,2006.0,Drama|Music|Musical,55901,55901.0,503.0,503.0,1
537,2006.0,Drama|Mystery|Romance|Thriller,295375,295375.0,645.0,645.0,1
538,2006.0,Drama|Mystery|Sci-Fi|Thriller,844052,844052.0,1100.0,1100.0,1
539,2006.0,Drama|Romance,87263,43631.5,394.0,197.0,2
540,2006.0,Drama|Romance|Sport,20426,20426.0,175.0,175.0,1
541,2006.0,Drama|Sci-Fi,190990,190990.0,915.0,915.0,1
542,2006.0,Drama|Thriller,20740,20740.0,178.0,178.0,1
543,2006.0,Horror|Thriller,99239,33079.666666666664,1033.0,344.3333333333333,3
544,2006.0,Mystery|Thriller,314253,314253.0,1966.0,1966.0,1
545,2007.0,Action|Adventure|Animation|Fantasy,142440,142440.0,505.0,505.0,1
546,2007.0,Action|Adventure|Comedy,99989,99989.0,255.0,255.0,1
547,2007.0,Action|Adventure|Fantasy,471220,471220.0,1238.0,1238.0,1
548,2007.0,Action|Adventure|Fantasy|Thriller,38398,38398.0,368.0,368.0,1
549,2007.0,Action|Adventure|Fantasy|War,29285,29285.0,174.0,174.0,1
550,2007.0,Action|Adventure|Romance,383056,383056.0,1902.0,1902.0,1
551,2007.0,Action|Adventure|Sci-Fi,513158,513158.0,1782.0,1782.0,1
552,2007.0,Action|Adventure|Thriller,336235,336235.0,782.0,782.0,1
553,2007.0,Action|Comedy|Crime,9785,9785.0,26.0,26.0,1
554,2007.0,Action|Comedy|Crime|Thriller,121084,121084.0,221.0,221.0,1
555,2007.0,Action|Drama|Fantasy|Horror|Thriller,21506,21506.0,364.0,364.0,1
556,2007.0,Action|Fantasy|Thriller,182661,182661.0,681.0,681.0,1
557,2007.0,Action|Mystery|Thriller,491077,491077.0,820.0,820.0,1
558,2007.0,Adventure|Animation|Comedy,259083,259083.0,763.0,763.0,1
559,2007.0,Adventure|Comedy,89687,89687.0,666.0,666.0,1
560,2007.0,Adventure|Comedy|Drama,184795,184795.0,310.0,310.0,1
561,2007.0,Adventure|Drama,5526,5526.0,58.0,58.0,1
562,2007.0,Adventure|Family|Fantasy,149019,149019.0,666.0,666.0,1
563,2007.0,Adventure|Family|Fantasy|Mystery,355137,355137.0,1108.0,1108.0,1
564,2007.0,Adventure|Family|Fantasy|Romance,212085,212085.0,492.0,492.0,1
565,2007.0,Animation|Biography|Drama|War,70194,70194.0,158.0,158.0,1
566,2007.0,Biography|Crime|Drama,52533,52533.0,235.0,235.0,1
567,2007.0,Biography|Drama,141103,47034.333333333336,327.0,109.0,3
568,2007.0,Biography|Drama|History|War,54787,54787.0,216.0,216.0,1
569,2007.0,Biography|Drama|Sport,3624,3624.0,27.0,27.0,1
570,2007.0,Comedy,78859,26286.333333333332,261.0,87.0,3
571,2007.0,Comedy|Drama,9811,9811.0,100.0,100.0,1
572,2007.0,Comedy|Drama|Romance,601028,120205.6,1490.0,298.0,5
573,2007.0,Comedy|History,5166,5166.0,27.0,27.0,1
574,2007.0,Comedy|Music|Romance,81334,81334.0,291.0,291.0,1
575,2007.0,Comedy|Romance,107264,26816.0,387.0,96.75,4
576,2007.0,Comedy|Romance|Sport,58509,58509.0,143.0,143.0,1
577,2007.0,Comedy|Sport,143810,71905.0,292.0,146.0,2
578,2007.0,Crime|Drama|Romance,8014,8014.0,50.0,50.0,1
579,2007.0,Crime|Thriller,256928,256928.0,288.0,288.0,1
580,2007.0,Documentary|Drama,66610,66610.0,429.0,429.0,1
581,2007.0,Drama,76852,19213.0,306.0,76.5,4
582,2007.0,Drama|Fantasy|Horror|Romance,15388,15388.0,190.0,190.0,1
583,2007.0,Drama|Fantasy|Horror|Thriller,11285,11285.0,82.0,82.0,1
584,2007.0,Drama|Fantasy|Musical|Romance,91860,91860.0,524.0,524.0,1
585,2007.0,Drama|Horror|Sci-Fi,530870,530870.0,1413.0,1413.0,1
586,2007.0,Drama|Music|Romance,19505,19505.0,162.0,162.0,1
587,2007.0,Drama|Mystery|Thriller,249346,124673.0,828.0,414.0,2
588,2007.0,Drama|Romance,212175,106087.5,360.0,180.0,2
589,2007.0,Drama|Romance|Sport,18310,18310.0,63.0,63.0,1
590,2007.0,Drama|Sport,18442,18442.0,59.0,59.0,1
591,2007.0,Drama|Thriller,7148,7148.0,32.0,32.0,1
592,2007.0,Fantasy|Horror,209396,209396.0,580.0,580.0,1
593,2007.0,Mystery|Thriller,94,94.0,4.0,4.0,1
594,2007.0,Sci-Fi|Thriller,65037,65037.0,273.0,273.0,1
595,2008.0,Action|Adventure,330784,330784.0,1243.0,1243.0,1
596,2008.0,Action|Adventure|Comedy,168172,168172.0,380.0,380.0,1
597,2008.0,Action|Adventure|Comedy|Romance|Thriller,59352,59352.0,138.0,138.0,1
598,2008.0,Action|Adventure|Fantasy,421896,210948.0,2333.0,1166.5,2
599,2008.0,Action|Adventure|Fantasy|Horror|Sci-Fi,208422,208422.0,342.0,342.0,1
600,2008.0,Action|Adventure|Fantasy|Horror|Thriller,117927,117927.0,501.0,501.0,1
601,2008.0,Action|Adventure|Horror|Sci-Fi,296787,296787.0,2192.0,2192.0,1
602,2008.0,Action|Adventure|Sci-Fi,1022624,511312.0,1698.0,849.0,2
603,2008.0,Action|Adventure|Sci-Fi|Thriller,324576,162288.0,702.0,351.0,2
604,2008.0,Action|Comedy,156348,156348.0,380.0,380.0,1
605,2008.0,Action|Comedy|Sci-Fi|Thriller,52052,52052.0,173.0,173.0,1
606,2008.0,Action|Crime|Drama|Mystery|Thriller,107772,107772.0,398.0,398.0,1
607,2008.0,Action|Crime|Drama|Thriller,1676169,1676169.0,4667.0,4667.0,1
608,2008.0,Action|Crime|Fantasy|Thriller,53864,53864.0,290.0,290.0,1
609,2008.0,Action|Drama,343648,343648.0,590.0,590.0,1
610,2008.0,Action|Drama|Sport,80556,80556.0,184.0,184.0,1
611,2008.0,Action|Mystery|Thriller,150764,150764.0,318.0,318.0,1
612,2008.0,Action|Thriller,483756,483756.0,974.0,974.0,1
613,2008.0,Adventure|Comedy|Drama|Romance,41737,41737.0,105.0,105.0,1
614,2008.0,Adventure|Drama|Romance|War,102338,102338.0,450.0,450.0,1
615,2008.0,Biography|Crime|Documentary|History|Thriller,40481,40481.0,134.0,134.0,1
616,2008.0,Biography|Documentary|Music,9638,9638.0,67.0,67.0,1
617,2008.0,Biography|Drama,14301,14301.0,45.0,45.0,1
618,2008.0,Biography|Drama|History,40941,40941.0,320.0,320.0,1
619,2008.0,Biography|Drama|History|Romance,146134,73067.0,392.0,196.0,2
620,2008.0,Comedy,243318,81106.0,1003.0,334.3333333333333,3
621,2008.0,Comedy|Crime,5463,5463.0,20.0,20.0,1
622,2008.0,Comedy|Crime|Thriller,16831,16831.0,54.0,54.0,1
623,2008.0,Comedy|Drama,94093,23523.25,394.0,98.5,4
624,2008.0,Comedy|Drama|Family|Romance,22304,22304.0,33.0,33.0,1
625,2008.0,Comedy|Drama|Fantasy|Romance,60516,60516.0,147.0,147.0,1
626,2008.0,Comedy|Drama|Music|Romance,74887,74887.0,129.0,129.0,1
627,2008.0,Comedy|Drama|Romance,191871,47967.75,357.0,89.25,4
628,2008.0,Comedy|Drama|Romance|Sport,27664,27664.0,120.0,120.0,1
629,2008.0,Comedy|Family|Musical|Romance,145974,145974.0,611.0,611.0,1
630,2008.0,Comedy|Fantasy,8560,8560.0,205.0,205.0,1
631,2008.0,Comedy|Fantasy|Romance,21268,21268.0,53.0,53.0,1
632,2008.0,Comedy|Music,32311,32311.0,104.0,104.0,1
633,2008.0,Comedy|Romance,705845,100835.0,951.0,135.85714285714286,7
634,2008.0,Comedy|Romance|Sport,43300,43300.0,250.0,250.0,1
635,2008.0,Crime|Drama|Mystery|Thriller,127528,127528.0,422.0,422.0,1
636,2008.0,Crime|Drama|Thriller,231939,115969.5,413.0,206.5,2
637,2008.0,Documentary|History|Music,48,48.0,2.0,2.0,1
638,2008.0,Drama,57952,19317.333333333332,211.0,70.33333333333333,3
639,2008.0,Drama|Fantasy|Romance,807353,403676.5,2357.0,1178.5,2
640,2008.0,Drama|History|Thriller|War,183247,183247.0,440.0,440.0,1
641,2008.0,Drama|Horror|Thriller,7904,7904.0,113.0,113.0,1
642,2008.0,Drama|Music|Musical|Romance,67653,67653.0,108.0,108.0,1
643,2008.0,Drama|Mystery,99236,99236.0,321.0,321.0,1
644,2008.0,Drama|Mystery|Sci-Fi|Thriller,78256,78256.0,492.0,492.0,1
645,2008.0,Drama|Romance,437544,145848.0,1000.0,333.3333333333333,3
646,2008.0,Drama|Romance|Sci-Fi|Thriller,5699,5699.0,40.0,40.0,1
647,2008.0,Drama|Sci-Fi|Thriller,139423,139423.0,698.0,698.0,1
648,2008.0,Drama|War,132386,132386.0,398.0,398.0,1
649,2008.0,Horror|Mystery,98418,32806.0,605.0,201.66666666666666,3
650,2008.0,Horror|Mystery|Thriller,26609,26609.0,148.0,148.0,1
651,2009.0,Action|Adventure|Animation|Drama|Mystery|Sci-Fi|Thriller,111117,111117.0,245.0,245.0,1
652,2009.0,Action|Adventure|Crime|Mystery|Thriller,477300,477300.0,621.0,621.0,1
653,2009.0,Action|Adventure|Fantasy|Sci-Fi,886204,886204.0,3054.0,3054.0,1
654,2009.0,Action|Adventure|Fantasy|Sci-Fi|Thriller,361924,361924.0,641.0,641.0,1
655,2009.0,Action|Adventure|Fantasy|Thriller,35990,35990.0,157.0,157.0,1
656,2009.0,Action|Adventure|Sci-Fi,1397139,349284.75,5027.0,1256.75,4
657,2009.0,Action|Adventure|Sci-Fi|Thriller,174578,174578.0,534.0,534.0,1
658,2009.0,Action|Comedy|Music,10161,10161.0,50.0,50.0,1
659,2009.0,Action|Crime|Drama|Mystery|Thriller,19824,19824.0,179.0,179.0,1
660,2009.0,Action|Crime|Thriller,49059,24529.5,223.0,111.5,2
661,2009.0,Action|Sci-Fi|Thriller,151424,151424.0,252.0,252.0,1
662,2009.0,Action|Thriller,476,476.0,18.0,18.0,1
663,2009.0,Adventure|Comedy,76770,76770.0,203.0,203.0,1
664,2009.0,Adventure|Comedy|Sci-Fi,61035,30517.5,278.0,139.0,2
665,2009.0,Adventure|Drama,49855,49855.0,117.0,117.0,1
666,2009.0,Adventure|Drama|Fantasy|Romance,220758,220758.0,919.0,919.0,1
667,2009.0,Adventure|Fantasy|Mystery,126307,126307.0,210.0,210.0,1
668,2009.0,Adventure|Fantasy|Thriller,19157,19157.0,69.0,69.0,1
669,2009.0,Biography|Drama,32003,32003.0,65.0,65.0,1
670,2009.0,Biography|Drama|History|Sport,124222,124222.0,259.0,259.0,1
671,2009.0,Biography|Drama|Music,44099,44099.0,143.0,143.0,1
672,2009.0,Biography|Drama|Romance,79264,79264.0,277.0,277.0,1
673,2009.0,Biography|Drama|Sport,223127,223127.0,420.0,420.0,1
674,2009.0,Comedy,83568,41784.0,145.0,72.5,2
675,2009.0,Comedy|Crime|Drama,9544,9544.0,45.0,45.0,1
676,2009.0,Comedy|Crime|Romance|Thriller,41727,41727.0,184.0,184.0,1
677,2009.0,Comedy|Drama,42250,10562.5,194.0,48.5,4
678,2009.0,Comedy|Drama|Family|Fantasy|Romance,146899,146899.0,185.0,185.0,1
679,2009.0,Comedy|Drama|Musical,1388,1388.0,31.0,31.0,1
680,2009.0,Comedy|Drama|Romance,765995,191498.75,1091.0,272.75,4
681,2009.0,Comedy|Fantasy|Romance,94292,94292.0,287.0,287.0,1
682,2009.0,Comedy|Music,293,293.0,1.0,1.0,1
683,2009.0,Comedy|Romance,146795,29359.0,520.0,104.0,5
684,2009.0,Crime|Drama|Mystery|Thriller,113295,113295.0,235.0,235.0,1
685,2009.0,Crime|Thriller,23424,23424.0,119.0,119.0,1
686,2009.0,Drama,191197,63732.333333333336,476.0,158.66666666666666,3
687,2009.0,Drama|Family|Music,215,215.0,2.0,2.0,1
688,2009.0,Drama|Fantasy|Horror|Mystery|Thriller,42182,42182.0,230.0,230.0,1
689,2009.0,Drama|Fantasy|Mystery|Thriller,76303,76303.0,376.0,376.0,1
690,2009.0,Drama|Fantasy|Romance|Sci-Fi,114925,114925.0,234.0,234.0,1
691,2009.0,Drama|Fantasy|Thriller,125109,125109.0,593.0,593.0,1
692,2009.0,Drama|Horror|Sci-Fi|Thriller,35510,35510.0,119.0,119.0,1
693,2009.0,Drama|Musical|Romance,37446,37446.0,232.0,232.0,1
694,2009.0,Drama|Music|Romance,551,551.0,10.0,10.0,1
695,2009.0,Drama|Mystery,19147,19147.0,97.0,97.0,1
696,2009.0,Drama|Mystery|Romance,16863,16863.0,57.0,57.0,1
697,2009.0,Drama|Mystery|Sci-Fi|Thriller,186879,186879.0,791.0,791.0,1
698,2009.0,Drama|Romance,59220,14805.0,193.0,48.25,4
699,2009.0,Drama|Sport,55665,55665.0,118.0,118.0,1
700,2009.0,Horror|Thriller,158354,158354.0,691.0,691.0,1
701,2009.0,Mystery|Sci-Fi|Thriller,63108,63108.0,330.0,330.0,1
702,2009.0,Mystery|Thriller,207839,207839.0,435.0,435.0,1
703,2010.0,Action|Adventure|Drama|History,211765,211765.0,546.0,546.0,1
704,2010.0,Action|Adventure|Fantasy,229679,229679.0,637.0,637.0,1
705,2010.0,Action|Adventure|Fantasy|Romance,222403,222403.0,453.0,453.0,1
706,2010.0,Action|Adventure|Sci-Fi,522371,522371.0,723.0,723.0,1
707,2010.0,Action|Adventure|Sci-Fi|Thriller,1468200,1468200.0,2803.0,2803.0,1
708,2010.0,Action|Comedy|Crime,219800,109900.0,402.0,201.0,2
709,2010.0,Action|Comedy|Crime|Fantasy|Horror|Mystery|Sci-Fi|Thriller,13026,13026.0,75.0,75.0,1
710,2010.0,Action|Comedy|Crime|Thriller,238916,238916.0,328.0,328.0,1
711,2010.0,Action|Comedy|Fantasy|Romance,273921,273921.0,522.0,522.0,1
712,2010.0,Action|Comedy|Romance,244845,122422.5,483.0,241.5,2
713,2010.0,Action|Comedy|Romance|Thriller,72867,72867.0,120.0,120.0,1
714,2010.0,Action|Crime|Drama|Mystery|Thriller,74691,74691.0,165.0,165.0,1
715,2010.0,Action|Crime|Mystery|Thriller,245621,245621.0,514.0,514.0,1
716,2010.0,Action|Crime|Thriller,46961,46961.0,132.0,132.0,1
717,2010.0,Action|Drama|Fantasy|Thriller|Western,45729,45729.0,176.0,176.0,1
718,2010.0,Action|Romance|Thriller,176598,176598.0,374.0,374.0,1
719,2010.0,Action|Sci-Fi|Thriller,76199,76199.0,944.0,944.0,1
720,2010.0,Action|Thriller,149947,149947.0,326.0,326.0,1
721,2010.0,Adventure|Drama|Fantasy|Romance,184637,184637.0,498.0,498.0,1
722,2010.0,Adventure|Drama|Thriller,69759,69759.0,235.0,235.0,1
723,2010.0,Adventure|Drama|Western,240962,240962.0,724.0,724.0,1
724,2010.0,Biography|Drama,479453,479453.0,696.0,696.0,1
725,2010.0,Biography|Drama|Thriller,38513,38513.0,127.0,127.0,1
726,2010.0,Comedy,310332,51722.0,812.0,135.33333333333334,6
727,2010.0,Comedy|Crime|Romance|Thriller,127571,127571.0,207.0,207.0,1
728,2010.0,Comedy|Drama,23629,23629.0,141.0,141.0,1
729,2010.0,Comedy|Drama|Fantasy|Horror,54104,54104.0,199.0,199.0,1
730,2010.0,Comedy|Drama|Fantasy|Romance,6147,6147.0,36.0,36.0,1
731,2010.0,Comedy|Drama|Horror|Romance,1250,1250.0,16.0,16.0,1
732,2010.0,Comedy|Drama|Romance,285686,57137.2,690.0,138.0,5
733,2010.0,Comedy|Drama|Romance|Sci-Fi,4173,4173.0,32.0,32.0,1
734,2010.0,Comedy|Romance,504089,100817.8,744.0,148.8,5
735,2010.0,Crime|Documentary,55382,55382.0,129.0,129.0,1
736,2010.0,Crime|Drama|History,23696,23696.0,135.0,135.0,1
737,2010.0,Crime|Drama|Romance|Thriller,146364,146364.0,237.0,237.0,1
738,2010.0,Documentary,5695,5695.0,23.0,23.0,1
739,2010.0,Drama,140151,23358.5,516.0,86.0,6
740,2010.0,Drama|Family,919,919.0,14.0,14.0,1
741,2010.0,Drama|Fantasy,80140,80140.0,323.0,323.0,1
742,2010.0,Drama|Fantasy|Romance,47364,47364.0,75.0,75.0,1
743,2010.0,Drama|Horror|Thriller,41509,41509.0,300.0,300.0,1
744,2010.0,Drama|Music,14814,14814.0,114.0,114.0,1
745,2010.0,Drama|Music|Musical|Romance,61680,61680.0,222.0,222.0,1
746,2010.0,Drama|Music|Romance,47297,47297.0,86.0,86.0,1
747,2010.0,Drama|Romance,177456,88728.0,663.0,331.5,2
748,2010.0,Drama|Romance|War,104356,104356.0,186.0,186.0,1
749,2010.0,Drama|War,12937,12937.0,73.0,73.0,1
750,2010.0,Fantasy|Horror|Mystery|Thriller,202800,202800.0,752.0,752.0,1
751,2010.0,Horror|Mystery|Thriller,104089,104089.0,319.0,319.0,1
752,2010.0,Horror|Sci-Fi|Thriller,1328,1328.0,22.0,22.0,1
753,2010.0,Mystery|Thriller,132423,132423.0,349.0,349.0,1
754,2011.0,Action|Adventure|Crime|Mystery|Thriller,338635,338635.0,412.0,412.0,1
755,2011.0,Action|Adventure|Fantasy,907018,453509.0,1222.0,611.0,2
756,2011.0,Action|Adventure|History|Western,583,583.0,14.0,14.0,1
757,2011.0,Action|Adventure|Horror|Sci-Fi|Thriller,49312,49312.0,211.0,211.0,1
758,2011.0,Action|Adventure|Romance,88542,88542.0,254.0,254.0,1
759,2011.0,Action|Adventure|Sci-Fi,1576928,394232.0,2826.0,706.5,4
760,2011.0,Action|Adventure|Sci-Fi|Thriller,195043,195043.0,329.0,329.0,1
761,2011.0,Action|Adventure|Thriller,365104,365104.0,512.0,512.0,1
762,2011.0,Action|Comedy|Crime,129744,64872.0,241.0,120.5,2
763,2011.0,Action|Comedy|Crime|Sci-Fi|Thriller,136019,136019.0,443.0,443.0,1
764,2011.0,Action|Crime|Drama|Thriller,76498,76498.0,203.0,203.0,1
765,2011.0,Action|Crime|Thriller,284792,284792.0,366.0,366.0,1
766,2011.0,Action|Drama|Sci-Fi|Sport,254841,254841.0,426.0,426.0,1
767,2011.0,Action|Drama|Sci-Fi|Thriller,403836,403836.0,646.0,646.0,1
768,2011.0,Action|Drama|Thriller,159198,159198.0,438.0,438.0,1
769,2011.0,Action|Fantasy,197584,197584.0,918.0,918.0,1
770,2011.0,Action|Fantasy|Horror|Sci-Fi|Thriller,97089,97089.0,233.0,233.0,1
771,2011.0,Action|Fantasy|Thriller,87745,87745.0,331.0,331.0,1
772,2011.0,Action|Mystery|Thriller,275586,137793.0,505.0,252.5,2
773,2011.0,Action|Sci-Fi,154955,154955.0,800.0,800.0,1
774,2011.0,Action|Sci-Fi|Thriller,304318,304318.0,463.0,463.0,1
775,2011.0,Adventure|Comedy|Western,1592,1592.0,14.0,14.0,1
776,2011.0,Adventure|Drama|Mystery,81298,81298.0,341.0,341.0,1
777,2011.0,Biography|Drama|History,82327,82327.0,350.0,350.0,1
778,2011.0,Biography|Drama|Sport,283563,283563.0,312.0,312.0,1
779,2011.0,Biography|Drama|War,3865,3865.0,53.0,53.0,1
780,2011.0,Comedy|Crime|Drama,45396,45396.0,136.0,136.0,1
781,2011.0,Comedy|Documentary,13223,13223.0,45.0,45.0,1
782,2011.0,Comedy|Drama,126988,42329.333333333336,466.0,155.33333333333334,3
783,2011.0,Comedy|Drama|Romance,670335,134067.0,1266.0,253.2,5
784,2011.0,Comedy|Fantasy|Romance,301149,301149.0,509.0,509.0,1
785,2011.0,Comedy|Romance,255894,85298.0,405.0,135.0,3
786,2011.0,Documentary|Music,22457,22457.0,69.0,69.0,1
787,2011.0,Drama,380230,95057.5,865.0,216.25,4
788,2011.0,Drama|Fantasy,136367,136367.0,975.0,975.0,1
789,2011.0,Drama|Fantasy|Romance,64190,64190.0,129.0,129.0,1
790,2011.0,Drama|History,3024,3024.0,22.0,22.0,1
791,2011.0,Drama|History|Thriller,34488,34488.0,136.0,136.0,1
792,2011.0,Drama|Horror|Mystery|Thriller,75864,75864.0,197.0,197.0,1
793,2011.0,Drama|Horror|Thriller,29147,29147.0,115.0,115.0,1
794,2011.0,Drama|Music,1642,1642.0,11.0,11.0,1
795,2011.0,Drama|Musical,1015,1015.0,10.0,10.0,1
796,2011.0,Drama|Mystery,151812,151812.0,264.0,264.0,1
797,2011.0,Drama|Mystery|Thriller,46239,46239.0,137.0,137.0,1
798,2011.0,Drama|Romance,306758,61351.6,743.0,148.6,5
799,2011.0,Drama|Romance|Sci-Fi,71387,71387.0,228.0,228.0,1
800,2011.0,Drama|Sport,332276,332276.0,514.0,514.0,1
801,2011.0,Drama|Thriller,180479,180479.0,411.0,411.0,1
802,2011.0,Drama|War,116159,116159.0,488.0,488.0,1
803,2011.0,Fantasy|Horror|Mystery|Thriller,91151,91151.0,283.0,283.0,1
804,2011.0,Horror|Mystery|Sci-Fi|Thriller,47227,47227.0,323.0,323.0,1
805,2011.0,Horror|Thriller,20823,20823.0,130.0,130.0,1
806,2011.0,Mystery|Sci-Fi|Thriller,667284,333642.0,1420.0,710.0,2
807,2011.0,Romance|Sci-Fi|Thriller,200035,200035.0,407.0,407.0,1
808,2012.0,Action|Adventure|Comedy|Family|Fantasy|Sci-Fi,268154,268154.0,341.0,341.0,1
809,2012.0,Action|Adventure|Drama|Fantasy,228554,228554.0,710.0,710.0,1
810,2012.0,Action|Adventure|Drama|History|War,28807,28807.0,273.0,273.0,1
811,2012.0,Action|Adventure|Fantasy,604629,302314.5,1478.0,739.0,2
812,2012.0,Action|Adventure|Sci-Fi,1207619,603809.5,2460.0,1230.0,2
813,2012.0,Action|Adventure|Sci-Fi|Thriller,284464,142232.0,987.0,493.5,2
814,2012.0,Action|Adventure|Thriller,751853,375926.5,2002.0,1001.0,2
815,2012.0,Action|Comedy|Crime|Romance|Thriller,34203,34203.0,169.0,169.0,1
816,2012.0,Action|Comedy|Romance,147641,147641.0,238.0,238.0,1
817,2012.0,Action|Crime|Mystery|Thriller,254827,127413.5,599.0,299.5,2
818,2012.0,Action|Crime|Thriller,459143,153047.66666666666,792.0,264.0,3
819,2012.0,Action|Drama,606,606.0,5.0,5.0,1
820,2012.0,Action|Thriller,1172966,586483.0,2814.0,1407.0,2
821,2012.0,Adventure|Comedy,11233,11233.0,32.0,32.0,1
822,2012.0,Adventure|Comedy|Drama|Romance,237848,237848.0,377.0,377.0,1
823,2012.0,Adventure|Drama|Fantasy|Romance,185394,185394.0,329.0,329.0,1
824,2012.0,Adventure|Drama|Sci-Fi|Thriller,701607,701607.0,1959.0,1959.0,1
825,2012.0,Adventure|Fantasy,637246,637246.0,1367.0,1367.0,1
826,2012.0,Biography|Drama|History|War,197412,197412.0,720.0,720.0,1
827,2012.0,Biography|Drama|Music,2116,2116.0,13.0,13.0,1
828,2012.0,Comedy|Crime|Drama,7354,7354.0,50.0,50.0,1
829,2012.0,Comedy|Crime|Drama|Sci-Fi,52509,52509.0,84.0,84.0,1
830,2012.0,Comedy|Drama,79502,19875.5,411.0,102.75,4
831,2012.0,Comedy|Drama|Musical|Romance,61995,61995.0,356.0,356.0,1
832,2012.0,Comedy|Drama|Romance,146826,24471.0,455.0,75.83333333333333,6
833,2012.0,Comedy|Fantasy|Horror,199039,199039.0,479.0,479.0,1
834,2012.0,Comedy|Horror|Romance,7444,7444.0,42.0,42.0,1
835,2012.0,Comedy|Music,6476,6476.0,71.0,71.0,1
836,2012.0,Comedy|Music|Romance,213898,213898.0,250.0,250.0,1
837,2012.0,Comedy|Romance,34579,34579.0,62.0,62.0,1
838,2012.0,Comedy|Romance|Sport,23916,23916.0,50.0,50.0,1
839,2012.0,Documentary|War,4547,4547.0,33.0,33.0,1
840,2012.0,Drama,135286,135286.0,261.0,261.0,1
841,2012.0,Drama|Fantasy,70336,70336.0,269.0,269.0,1
842,2012.0,Drama|Fantasy|Horror|Thriller,139749,139749.0,509.0,509.0,1
843,2012.0,Drama|Horror|Thriller,58366,58366.0,160.0,160.0,1
844,2012.0,Drama|Music,5161,5161.0,48.0,48.0,1
845,2012.0,Drama|Musical|Romance,243834,243834.0,845.0,845.0,1
846,2012.0,Drama|Music|Romance,45394,45394.0,72.0,72.0,1
847,2012.0,Drama|Mystery|Romance|Thriller,59637,59637.0,130.0,130.0,1
848,2012.0,Drama|Mystery|Sci-Fi,5612,5612.0,122.0,122.0,1
849,2012.0,Drama|Romance,671253,134250.6,971.0,194.2,5
850,2012.0,Drama|Sci-Fi|Thriller,204327,204327.0,471.0,471.0,1
851,2012.0,Drama|Sport,47954,47954.0,150.0,150.0,1
852,2012.0,Drama|Thriller,146018,73009.0,330.0,165.0,2
853,2012.0,Fantasy|Horror|Mystery|Thriller,3699,3699.0,27.0,27.0,1
854,2012.0,Horror,634,634.0,14.0,14.0,1
855,2012.0,Horror|Thriller,64925,21641.666666666668,298.0,99.33333333333333,3
856,2013.0,Action,625,625.0,4.0,4.0,1
857,2013.0,Action|Adventure|Drama,59545,59545.0,312.0,312.0,1
858,2013.0,Action|Adventure|Drama|Fantasy,116994,116994.0,324.0,324.0,1
859,2013.0,Action|Adventure|Fantasy,414070,414070.0,532.0,532.0,1
860,2013.0,Action|Adventure|Fantasy|Sci-Fi,548573,548573.0,2536.0,2536.0,1
861,2013.0,Action|Adventure|Horror|Sci-Fi|Thriller,465019,465019.0,995.0,995.0,1
862,2013.0,Action|Adventure|Mystery|Sci-Fi,387436,387436.0,892.0,892.0,1
863,2013.0,Action|Adventure|Romance|Sci-Fi|Thriller,92461,92461.0,347.0,347.0,1
864,2013.0,Action|Adventure|Sci-Fi,1492930,373232.5,4208.0,1052.0,4
865,2013.0,Action|Adventure|Sci-Fi|Thriller,474419,237209.5,821.0,410.5,2
866,2013.0,Action|Adventure|Western,181792,181792.0,711.0,711.0,1
867,2013.0,Action|Animation|Crime|Sci-Fi|Thriller,30434,30434.0,55.0,55.0,1
868,2013.0,Action|Biography|Drama,24557,24557.0,111.0,111.0,1
869,2013.0,Action|Comedy|Crime|Thriller,125036,125036.0,205.0,205.0,1
870,2013.0,Action|Comedy|Fantasy,91640,91640.0,210.0,210.0,1
871,2013.0,Action|Crime|Thriller,19586,19586.0,109.0,109.0,1
872,2013.0,Action|Drama|Thriller,228985,114492.5,556.0,278.0,2
873,2013.0,Action|Sci-Fi,185322,92661.0,566.0,283.0,2
874,2013.0,Adventure|Drama|Sci-Fi|Thriller,582917,582917.0,1885.0,1885.0,1
875,2013.0,Adventure|Fantasy,589956,294978.0,1156.0,578.0,2
876,2013.0,Adventure|Sci-Fi|Thriller,498397,498397.0,706.0,706.0,1
877,2013.0,Biography|Comedy|Drama|History|Music,117719,117719.0,306.0,306.0,1
878,2013.0,Biography|Drama,163759,81879.5,556.0,278.0,2
879,2013.0,Biography|Drama|History,21223,21223.0,108.0,108.0,1
880,2013.0,Biography|Drama|Sport,66511,66511.0,200.0,200.0,1
881,2013.0,Biography|Drama|Thriller,323353,323353.0,527.0,527.0,1
882,2013.0,Comedy,517006,86167.66666666667,1258.0,209.66666666666666,6
883,2013.0,Comedy|Drama,201988,50497.0,419.0,104.75,4
884,2013.0,Comedy|Drama|Romance,77813,38906.5,229.0,114.5,2
885,2013.0,Comedy|Horror|Romance,184641,184641.0,326.0,326.0,1
886,2013.0,Comedy|Romance,110820,55410.0,206.0,103.0,2
887,2013.0,Comedy|Sport,46480,46480.0,115.0,115.0,1
888,2013.0,Crime|Mystery|Thriller,447979,447979.0,629.0,629.0,1
889,2013.0,Documentary|Music,9540,9540.0,80.0,80.0,1
890,2013.0,Drama,218735,54683.75,625.0,156.25,4
891,2013.0,Drama|Fantasy|Romance,67796,67796.0,258.0,258.0,1
892,2013.0,Drama|Horror|Thriller,13506,13506.0,68.0,68.0,1
893,2013.0,Drama|Music,7894,7894.0,25.0,25.0,1
894,2013.0,Drama|Romance,362912,362912.0,753.0,753.0,1
895,2013.0,Drama|Romance|Thriller,78008,78008.0,160.0,160.0,1
896,2013.0,Drama|Sport,2417,2417.0,32.0,32.0,1
897,2013.0,Drama|Thriller,41856,41856.0,119.0,119.0,1
898,2013.0,Drama|War,98741,98741.0,236.0,236.0,1
899,2013.0,Fantasy|Horror,134869,134869.0,304.0,304.0,1
900,2013.0,Fantasy|Horror|Mystery|Romance,107028,107028.0,457.0,457.0,1
901,2013.0,Fantasy|Horror|Thriller,109214,109214.0,269.0,269.0,1
902,2013.0,Horror,28,28.0,1.0,1.0,1
903,2014.0,Action|Adventure,115687,115687.0,269.0,269.0,1
904,2014.0,Action|Adventure|Comedy|Sci-Fi,167085,167085.0,491.0,491.0,1
905,2014.0,Action|Adventure|Drama,328704,164352.0,1897.0,948.5,2
906,2014.0,Action|Adventure|Drama|History|Romance,84508,84508.0,308.0,308.0,1
907,2014.0,Action|Adventure|Drama|Sci-Fi,317542,317542.0,620.0,620.0,1
908,2014.0,Action|Adventure|Fantasy,99392,49696.0,356.0,178.0,2
909,2014.0,Action|Adventure|Fantasy|Sci-Fi,321227,321227.0,1067.0,1067.0,1
910,2014.0,Action|Adventure|Fantasy|Sci-Fi|Thriller,514125,514125.0,752.0,752.0,1
911,2014.0,Action|Adventure|Sci-Fi,1852944,463236.0,3498.0,874.5,4
912,2014.0,Action|Adventure|Thriller,127258,127258.0,351.0,351.0,1
913,2014.0,Action|Biography|Drama|History,3144,3144.0,24.0,24.0,1
914,2014.0,Action|Comedy|Crime|Romance,75903,75903.0,109.0,109.0,1
915,2014.0,Action|Crime|Drama|Thriller,169057,84528.5,458.0,229.0,2
916,2014.0,Action|Crime|Sci-Fi|Thriller,182899,182899.0,630.0,630.0,1
917,2014.0,Action|Drama|Fantasy|Horror|War,138582,138582.0,423.0,423.0,1
918,2014.0,Action|Drama|Fantasy|Mystery|Thriller,24854,24854.0,374.0,374.0,1
919,2014.0,Action|Drama|Thriller,168396,56132.0,501.0,167.0,3
920,2014.0,Action|Fantasy|Sci-Fi|Thriller,65709,65709.0,194.0,194.0,1
921,2014.0,Action|Mystery|Sci-Fi|Thriller,310903,310903.0,524.0,524.0,1
922,2014.0,Action|Mystery|Thriller,200647,200647.0,384.0,384.0,1
923,2014.0,Action|Thriller,188621,62873.666666666664,544.0,181.33333333333334,3
924,2014.0,Adventure|Drama|Sci-Fi,928227,928227.0,2725.0,2725.0,1
925,2014.0,Adventure|Fantasy,354228,354228.0,802.0,802.0,1
926,2014.0,Adventure|Mystery|Sci-Fi,341058,341058.0,713.0,713.0,1
927,2014.0,Adventure|Sci-Fi|Thriller,305008,305008.0,591.0,591.0,1
928,2014.0,Biography|Crime|Drama|Romance,55539,55539.0,147.0,147.0,1
929,2014.0,Biography|Drama,1177,1177.0,10.0,10.0,1
930,2014.0,Biography|Drama|History,76562,38281.0,386.0,193.0,2
931,2014.0,Biography|Drama|Music,15843,15843.0,104.0,104.0,1
932,2014.0,Biography|Drama|Romance,265507,265507.0,388.0,388.0,1
933,2014.0,Biography|Drama|Sport|War,103589,103589.0,351.0,351.0,1
934,2014.0,Biography|Drama|Thriller|War,467613,467613.0,608.0,608.0,1
935,2014.0,Comedy,97045,97045.0,285.0,285.0,1
936,2014.0,Comedy|Drama,72803,72803.0,171.0,171.0,1
937,2014.0,Comedy|Drama|Musical|Romance,6223,6223.0,40.0,40.0,1
938,2014.0,Comedy|Drama|Romance,10936,5468.0,66.0,33.0,2
939,2014.0,Comedy|Romance,206956,68985.33333333333,411.0,137.0,3
940,2014.0,Crime|Thriller,12676,12676.0,84.0,84.0,1
941,2014.0,Drama,96924,32308.0,272.0,90.66666666666667,3
942,2014.0,Drama|Fantasy|Music|Romance,83893,83893.0,132.0,132.0,1
943,2014.0,Drama|Fantasy|Mystery|Romance,41288,41288.0,126.0,126.0,1
944,2014.0,Drama|Music,17988,8994.0,58.0,29.0,2
945,2014.0,Drama|Mystery|Romance|Sci-Fi|Thriller,172707,172707.0,462.0,462.0,1
946,2014.0,Drama|Mystery|Sci-Fi,1900,1900.0,56.0,56.0,1
947,2014.0,Drama|Mystery|Thriller,1354,1354.0,17.0,17.0,1
948,2014.0,Drama|Romance,326989,81747.25,737.0,184.25,4
949,2014.0,Drama|Romance|Sci-Fi,86251,86251.0,260.0,260.0,1
950,2014.0,Drama|Thriller,44,44.0,3.0,3.0,1
951,2014.0,Drama|War,102248,102248.0,403.0,403.0,1
952,2014.0,Fantasy|Horror,31915,31915.0,159.0,159.0,1
953,2014.0,Sci-Fi|Thriller,48236,48236.0,180.0,180.0,1
954,2014.0,Western,93,93.0,6.0,6.0,1
955,2015.0,Action|Adventure|Biography|Drama|History|Thriller,71782,71782.0,161.0,161.0,1
956,2015.0,Action|Adventure|Comedy,175960,175960.0,360.0,360.0,1
957,2015.0,Action|Adventure|Comedy|Sci-Fi,313866,313866.0,549.0,549.0,1
958,2015.0,Action|Adventure|Drama|Thriller,147497,147497.0,499.0,499.0,1
959,2015.0,Action|Adventure|Fantasy,58752,58752.0,117.0,117.0,1
960,2015.0,Action|Adventure|Sci-Fi,901205,225301.25,3399.0,849.75,4
961,2015.0,Action|Adventure|Sci-Fi|Thriller,418214,418214.0,1290.0,1290.0,1
962,2015.0,Action|Adventure|Thriller,508055,254027.5,1434.0,717.0,2
963,2015.0,Action|Animation|Comedy|Sci-Fi,89770,89770.0,342.0,342.0,1
964,2015.0,Action|Biography|Drama|History,21912,21912.0,45.0,45.0,1
965,2015.0,Action|Comedy|Crime,34948,34948.0,118.0,118.0,1
966,2015.0,Action|Crime|Sport|Thriller,33953,33953.0,163.0,163.0,1
967,2015.0,Action|Crime|Thriller,326832,108944.0,879.0,293.0,3
968,2015.0,Action|Drama|Sport,53,53.0,1.0,1.0,1
969,2015.0,Action|Mystery|Sci-Fi|Thriller,57674,57674.0,126.0,126.0,1
970,2015.0,Action|Sci-Fi|Thriller,138246,138246.0,360.0,360.0,1
971,2015.0,Adventure|Biography|Drama|History|Sport|Thriller,134625,134625.0,265.0,265.0,1
972,2015.0,Adventure|Drama|Sci-Fi,472488,472488.0,1023.0,1023.0,1
973,2015.0,Adventure|Sci-Fi,166137,166137.0,383.0,383.0,1
974,2015.0,Adventure|Sci-Fi|Thriller,154621,154621.0,258.0,258.0,1
975,2015.0,Biography|Comedy|Drama,75329,75329.0,256.0,256.0,1
976,2015.0,Biography|Drama|History,54954,27477.0,203.0,101.5,2
977,2015.0,Biography|Drama|Romance,5863,5863.0,25.0,25.0,1
978,2015.0,Biography|Drama|Sport,44788,44788.0,138.0,138.0,1
979,2015.0,Comedy,60377,30188.5,184.0,92.0,2
980,2015.0,Comedy|Drama,130661,130661.0,304.0,304.0,1
981,2015.0,Comedy|Drama|Family,108,108.0,1.0,1.0,1
982,2015.0,Comedy|Drama|Romance,39778,39778.0,172.0,172.0,1
983,2015.0,Comedy|Family,54010,54010.0,130.0,130.0,1
984,2015.0,Comedy|Fantasy|Horror,29867,29867.0,181.0,181.0,1
985,2015.0,Comedy|Music,97697,97697.0,185.0,185.0,1
986,2015.0,Comedy|Romance,5006,5006.0,28.0,28.0,1
987,2015.0,Crime|Drama|Mystery|Thriller,20186,20186.0,81.0,81.0,1
988,2015.0,Crime|Drama|Thriller,3911,3911.0,22.0,22.0,1
989,2015.0,Drama,7024,3512.0,92.0,46.0,2
990,2015.0,Drama|Fantasy|Romance,93767,93767.0,209.0,209.0,1
991,2015.0,Drama|History|Thriller,178118,178118.0,355.0,355.0,1
992,2015.0,Drama|Horror,30219,30219.0,200.0,200.0,1
993,2015.0,Drama|Horror|Sci-Fi|Thriller,28618,28618.0,91.0,91.0,1
994,2015.0,Drama|Mystery|Romance,63390,63390.0,160.0,160.0,1
995,2015.0,Drama|Romance,123290,61645.0,328.0,164.0,2
996,2015.0,Drama|Sport,146708,146708.0,362.0,362.0,1
997,2015.0,Drama|War,15978,15978.0,122.0,122.0,1
998,2015.0,Fantasy|Horror|Thriller,54190,54190.0,183.0,183.0,1
999,2015.0,Horror|Sci-Fi|Thriller,28513,28513.0,126.0,126.0,1
1000,2015.0,Horror|Thriller,72498,36249.0,508.0,254.0,2
1001,2015.0,Romance,172,172.0,0.0,,1
1002,2015.0,Sci-Fi|Thriller,57349,57349.0,177.0,177.0,1
1003,2016.0,Action|Adventure|Comedy|Crime|Mystery|Thriller,40862,40862.0,139.0,139.0,1
1004,2016.0,Action|Adventure|Comedy|Sci-Fi,136525,68262.5,1086.0,543.0,2
1005,2016.0,Action|Adventure|Drama|Fantasy,37750,37750.0,134.0,134.0,1
1006,2016.0,Action|Adventure|Drama|Mystery,12276,12276.0,117.0,117.0,1
1007,2016.0,Action|Adventure|Drama|Romance,42372,42372.0,239.0,239.0,1
1008,2016.0,Action|Adventure|Fantasy,163501,81750.5,1054.0,527.0,2
1009,2016.0,Action|Adventure|Mystery|Sci-Fi|Thriller,44296,44296.0,144.0,144.0,1
1010,2016.0,Action|Adventure|Sci-Fi,850825,212706.25,5182.0,1295.5,4
1011,2016.0,Action|Adventure|Sci-Fi|Thriller,109224,54612.0,698.0,349.0,2
1012,2016.0,Action|Biography|Crime|Drama|Family|Fantasy,342,342.0,15.0,15.0,1
1013,2016.0,Action|Comedy,28621,28621.0,58.0,58.0,1
1014,2016.0,Action|Comedy|Crime,33354,33354.0,110.0,110.0,1
1015,2016.0,Action|Comedy|Fantasy|Sci-Fi,69757,69757.0,1211.0,1211.0,1
1016,2016.0,Action|Drama|History|Thriller,27481,27481.0,113.0,113.0,1
1017,2016.0,Action|Horror|Romance,23775,23775.0,134.0,134.0,1
1018,2016.0,Action|Romance|Sport,60,60.0,2.0,2.0,1
1019,2016.0,Action|Thriller,40123,40123.0,297.0,297.0,1
1020,2016.0,Adventure|Crime|Mystery|Sci-Fi|Thriller,4303,4303.0,35.0,35.0,1
1021,2016.0,Adventure|Drama|History,57,57.0,1.0,1.0,1
1022,2016.0,Adventure|Drama|Sci-Fi|Thriller,31359,31359.0,156.0,156.0,1
1023,2016.0,Biography|Comedy|Drama|Music|Romance,2167,2167.0,32.0,32.0,1
1024,2016.0,Biography|Comedy|Drama|Sport,32507,32507.0,119.0,119.0,1
1025,2016.0,Biography|Drama|Sport,11744,11744.0,49.0,49.0,1
1026,2016.0,Comedy,34964,34964.0,150.0,150.0,1
1027,2016.0,Comedy|Family|Romance,13562,13562.0,103.0,103.0,1
1028,2016.0,Comedy|Fantasy|Horror|Thriller,849,849.0,4.0,4.0,1
1029,2016.0,Comedy|Mystery,60926,60926.0,302.0,302.0,1
1030,2016.0,Drama,1512,756.0,35.0,17.5,2
1031,2016.0,Drama|Horror|Mystery|Sci-Fi|Thriller,126893,126893.0,440.0,440.0,1
1032,2016.0,Drama|Horror|Thriller,12983,12983.0,139.0,139.0,1
1033,2016.0,Drama|Romance,44723,44723.0,130.0,130.0,1
1034,2016.0,Horror,13523,13523.0,95.0,95.0,1
1035,2016.0,Horror|Mystery|Thriller,56491,28245.5,282.0,141.0,2
